Primer Tiempo;https://www.cuspide.com/Libro/9789504973379/Primer+Tiempo;1690.00
La Salud De Los Papas;https://www.cuspide.com/Libro/9789500764681/La+Salud+De+Los+Papas;1199.00
Republica Urgente!;https://www.cuspide.com/Libro/9789500440639/Republica+Urgente;1290.00
Simplemente Charli;https://www.cuspide.com/Libro/9789874924643/Simplemente+Charli;999.00
La Tia Cosima;https://www.cuspide.com/Libro/9789877391480/La+Tia+Cosima;949.00
El Duelo;https://www.cuspide.com/Libro/9789504970934/El+Duelo;1490.00
Heartstopper;https://www.cuspide.com/Libro/9789877475876/Heartstopper;899.00
1. Harry Potter Y La Piedra Filosofal;https://www.cuspide.com/Libro/9789878000107/1++Harry+Potter+Y+La+Piedra+Filosofal;1099.00
Una Abuela Anormal;https://www.cuspide.com/Libro/9789877363272/Una+Abuela+Anormal;699.00
Mujeres Del Alma Mia;https://www.cuspide.com/Libro/9789500764896/Mujeres+Del+Alma+Mia;1099.00
Asesino De Brujas  ( Libro 2 Saga Asesino De Brujas );https://www.cuspide.com/Libro/9789874132383/Asesino+De+Brujas++(+Libro+2+Saga+Asesino+De+Brujas+);1800.00
La Traicion;https://www.cuspide.com/Libro/9789504971627/La+Traicion;1390.00
En El Limbo;https://www.cuspide.com/Libro/9789500764025/En+El+Limbo;1099.00
Desperta Tu Magia;https://www.cuspide.com/Libro/9789502813592/Desperta+Tu+Magia;1499.00
El Poder Del Ahora;https://www.cuspide.com/Libro/9789877250992/El+Poder+Del+Ahora;949.00
Heartstopper 2;https://www.cuspide.com/Libro/9789877476583/Heartstopper+2;899.00
Las Malas;https://www.cuspide.com/Libro/9789876704816/Las+Malas;1290.00
Crimenes Sorprendentes En El Vaticano;https://www.cuspide.com/Libro/9789500765107/Crimenes+Sorprendentes+En+El+Vaticano;1199.00
Lo Mucho Que Te Ame;https://www.cuspide.com/Libro/9789877386417/Lo+Mucho+Que+Te+Ame;1099.00
Caos;https://www.cuspide.com/Libro/9789500761277/Caos;1249.00
Catedrales;https://www.cuspide.com/Libro/9789877386875/Catedrales;1099.00
Una Familia Anormal;https://www.cuspide.com/Libro/9789877362459/Una+Familia+Anormal;699.00
Guerra Sin Cuartel;https://www.cuspide.com/Libro/9789500764964/Guerra+Sin+Cuartel;999.00
2. Harry Potter Y La Camara Secreta;https://www.cuspide.com/Libro/9789878000114/2++Harry+Potter+Y+La+Camara+Secreta;1099.00
Rarezas Geograficas;https://www.cuspide.com/Libro/9789878413075/Rarezas+Geograficas;890.00
Linea De Fuego;https://www.cuspide.com/Libro/9789877387315/Linea+De+Fuego;1699.00
La Vida Mentirosa De Los Adultos;https://www.cuspide.com/Libro/9788426408341/La+Vida+Mentirosa+De+Los+Adultos;1299.00
Soltar Para Ser Feliz;https://www.cuspide.com/Libro/9789500211116/Soltar+Para+Ser+Feliz;1120.00
El Apasionante Origen De Las Palabras;https://www.cuspide.com/Libro/9789500764858/El+Apasionante+Origen+De+Las+Palabras;1299.00
La Mansion;https://www.cuspide.com/Libro/9789506445331/La+Mansion;1699.00
Riusplay Y El Hechizo De La Luna Llena;https://www.cuspide.com/Libro/9789877363302/Riusplay+Y+El+Hechizo+De+La+Luna+Llena;1299.00
La Buena Suerte;https://www.cuspide.com/Libro/9789877387292/La+Buena+Suerte;1099.00
1. Letramania  La Imprenta Mayuscula;https://www.cuspide.com/Libro/9789509255685/1++Letramania++La+Imprenta+Mayuscula;540.00
Sexo Atr;https://www.cuspide.com/Libro/9789504968658/Sexo+Atr;1470.00
Los Guardianes;https://www.cuspide.com/Libro/9789506445423/Los+Guardianes;1299.00
Confianza Ciega;https://www.cuspide.com/Libro/9789877801668/Confianza+Ciega;1499.00
Los Cuatro Acuerdos;https://www.cuspide.com/Libro/9789507880223/Los+Cuatro+Acuerdos;1680.00
Los Compas Y La Maldicion De Mikecrack;https://www.cuspide.com/Libro/9789508701732/Los+Compas+Y+La+Maldicion+De+Mikecrack;1590.00
Muchas Vidas , Muchos Maestros;https://www.cuspide.com/Libro/9789877801750/Muchas+Vidas+++Muchos+Maestros;949.00
Una Familia Anormal;https://www.cuspide.com/Libro/9789877362633/Una+Familia+Anormal;699.00
Padre Rico , Padre Pobre ( 20 Años );https://www.cuspide.com/Libro/9789877253146/Padre+Rico+++Padre+Pobre+(+20+A%c3%b1os+);1049.00
Criar Con Empatia;https://www.cuspide.com/Libro/9789502813950/Criar+Con+Empatia;1399.00
El Fin Del Autoodio;https://www.cuspide.com/Libro/9789500210669/El+Fin+Del+Autoodio;1200.00
Una Historia Del Conurbano;https://www.cuspide.com/Libro/9789504971672/Una+Historia+Del+Conurbano;1320.00
Que Digo Cuando Digo Te Amo;https://www.cuspide.com/Libro/9789878310602/Que+Digo+Cuando+Digo+Te+Amo;1190.00
Stoner;https://www.cuspide.com/Libro/9789874568847/Stoner;950.00
Destroza Este Diario ( A Todo Color );https://www.cuspide.com/Libro/9789501296808/Destroza+Este+Diario+(+A+Todo+Color+);970.00
1. La Seleccion;https://www.cuspide.com/Libro/9788499186078/1++La+Seleccion;1199.00
3. Harry Potter Y El Prisionero De Azkaban;https://www.cuspide.com/Libro/9789878000121/3++Harry+Potter+Y+El+Prisionero+De+Azkaban;1099.00
2. Given;https://www.cuspide.com/Libro/9786076349366/2++Given;525.00
Liderazgo Exitoso;https://www.cuspide.com/Libro/9789501515688/Liderazgo+Exitoso;999.00
La Vaca Se Empaca;https://www.cuspide.com/Libro/9789878661735/La+Vaca+Se+Empaca;940.00
Un Vecino Anormal;https://www.cuspide.com/Libro/9789877363074/Un+Vecino+Anormal;699.00
Dimelo Bajito;https://www.cuspide.com/Libro/9789874924650/Dimelo+Bajito;1799.00
Arsene Lupin : Caballero Ladron;https://www.cuspide.com/Libro/9788418557439/Arsene+Lupin+++Caballero+Ladron;999.00
1984;https://www.cuspide.com/Libro/9789875669284/1984;749.00
Encuentrame;https://www.cuspide.com/Libro/9789877387551/Encuentrame;1299.00
Amantes De Buenos Aires;https://www.cuspide.com/Libro/9789500211598/Amantes+De+Buenos+Aires;1350.00
Despierta;https://www.cuspide.com/Libro/9789501516227/Despierta;1149.00
Horoscopo Chino 2021;https://www.cuspide.com/Libro/9789877801576/Horoscopo+Chino+2021;849.00
Juga Con Lyna;https://www.cuspide.com/Libro/9789877362992/Juga+Con+Lyna;549.00
Los 70 : La Decada Que Siempre Vuelve;https://www.cuspide.com/Libro/9789500764803/Los+70+++La+Decada+Que+Siempre+Vuelve;1099.00
Diario;https://www.cuspide.com/Libro/9789871138678/Diario;549.00
Carnaval Toda La Vida;https://www.cuspide.com/Libro/9789504971009/Carnaval+Toda+La+Vida;1470.00
El Duque Y Yo  Bridgerton;https://www.cuspide.com/Libro/9789874754585/El+Duque+Y+Yo++Bridgerton;1800.00
Teoria De La Gravedad;https://www.cuspide.com/Libro/9788417977177/Teoria+De+La+Gravedad;995.00
El Nervio Optico;https://www.cuspide.com/Libro/9788433998446/El+Nervio+Optico;1095.00
Nunca Llegamos A La India;https://www.cuspide.com/Libro/9789500440288/Nunca+Llegamos+A+La+India;1100.00
Las Primas;https://www.cuspide.com/Libro/9789876706292/Las+Primas;1100.00
Mujeres Que Corren Con Los Lobos;https://www.cuspide.com/Libro/9789877801101/Mujeres+Que+Corren+Con+Los+Lobos;1499.00
Doce Estaciones Del Alma;https://www.cuspide.com/Libro/9789502811666/Doce+Estaciones+Del+Alma;1399.00
Gambito De Dama;https://www.cuspide.com/Libro/9789877387391/Gambito+De+Dama;1099.00
El Precio De La Pasion;https://www.cuspide.com/Libro/9789504968672/El+Precio+De+La+Pasion;1400.00
Arsenio Lupin;https://www.cuspide.com/Libro/9788494226380/Arsenio+Lupin;985.00
Tras Las Huellas De Su Padre;https://www.cuspide.com/Libro/9789506445485/Tras+Las+Huellas+De+Su+Padre;1299.00
Seduciendo A Mr. Bridgerton  ( Libro 4 De La Serie Bridgerton );https://www.cuspide.com/Libro/9789878454016/Seduciendo+A+Mr++Bridgerton++(+Libro+4+De+La+Serie+Bridgerton+);1800.00
Las Inseparables;https://www.cuspide.com/Libro/9788426409478/Las+Inseparables;999.00
La Ciudad De Vapor;https://www.cuspide.com/Libro/9789504972174/La+Ciudad+De+Vapor;1420.00
21 Lecciones Para El Siglo Xxi;https://www.cuspide.com/Libro/9789873752919/21+Lecciones+Para+El+Siglo+Xxi;1749.00
Diario De La Servilleta;https://www.cuspide.com/Libro/9789504972822/Diario+De+La+Servilleta;1350.00
La Vaca En Su Hamaca;https://www.cuspide.com/Libro/9789874270047/La+Vaca+En+Su+Hamaca;940.00
Cuentos Cortos Para Soñar;https://www.cuspide.com/Libro/9789500210157/Cuentos+Cortos+Para+So%c3%b1ar;620.00
De Mayor Quiero Ser ... Feliz;https://www.cuspide.com/Libro/9789871409907/De+Mayor+Quiero+Ser+++++Feliz;899.00
La Sangre Manda;https://www.cuspide.com/Libro/9789506445386/La+Sangre+Manda;1999.00
El Vizconde Que Me Amo;https://www.cuspide.com/Libro/9789874754592/El+Vizconde+Que+Me+Amo;1800.00
